,,1996COC,1998COC,2000COC,2002COC,2003COC,2004COC,2005COC,2006COC,2007COC,2008COC,2009COC,2010COC,2011COC,2012COC,2013COC,2014COC,2015COC,2016COC,2017COC
Country/Territory,WBCode,Estimate,Estimate,Estimate,Estimate,Estimate,Estimate,Estimate,Estimate,Estimate,Estimate,Estimate,Estimate,Estimate,Estimate,Estimate,Estimate,Estimate,Estimate,Estimate
Aruba,ABW,#N/A,#N/A,#N/A,#N/A,#N/A,1.18,1.28,1.26,1.27,1.29,1.12,1.13,1.11,1.1,1.13,1.02,1.3,1.29,1.29
Andorra,ADO,1.32,1.38,1.36,1.35,1.38,1.14,1.28,1.26,1.27,1.29,1.33,1.31,1.28,1.27,1.26,1.23,1.22,1.23,1.24
Afghanistan,AFG,-1.29,-1.18,-1.3,-1.26,-1.35,-1.35,-1.44,-1.43,-1.59,-1.64,-1.53,-1.64,-1.58,-1.42,-1.44,-1.35,-1.34,-1.53,-1.52
Angola,AGO,-1.17,-1.41,-1.52,-1.18,-1.32,-1.31,-1.3,-1.22,-1.29,-1.28,-1.4,-1.33,-1.34,-1.27,-1.31,-1.44,-1.39,-1.44,-1.41
Anguilla,AIA,#N/A,#N/A,#N/A,#N/A,#N/A,0.86,1.28,1.26,1.27,1.29,1.33,1.31,1.28,1.27,1.26,1.23,1.22,1.23,1.24
Albania,ALB,-0.89,-1.03,-0.86,-0.87,-0.81,-0.7,-0.79,-0.8,-0.69,-0.59,-0.54,-0.53,-0.68,-0.73,-0.7,-0.55,-0.48,-0.41,-0.42
Netherlands Antilles (former),ANT,#N/A,#N/A,#N/A,#N/A,#N/A,0.62,1.28,1.26,1.27,1.29,0.84,0.82,0.8,0.79,0.79,#N/A,#N/A,#N/A,#N/A
United Arab Emirates,ARE,-0.01,0.05,0.12,1.15,0.86,1.06,1,0.89,1.01,1.08,0.91,0.9,1.08,1.16,1.28,1.2,1.07,1.17,1.13
Argentina,ARG,-0.1,-0.11,-0.19,-0.47,-0.48,-0.42,-0.39,-0.34,-0.34,-0.44,-0.44,-0.36,-0.37,-0.44,-0.43,-0.54,-0.55,-0.28,-0.26
Armenia,ARM,-0.47,-0.86,-0.76,-0.75,-0.57,-0.61,-0.67,-0.67,-0.74,-0.71,-0.62,-0.7,-0.66,-0.59,-0.53,-0.52,-0.53,-0.57,-0.56
American Samoa,ASM,#N/A,#N/A,#N/A,#N/A,#N/A,0.81,0.8,0.31,0.31,0.33,0.35,0.33,0.32,0.31,0.31,1.23,1.22,1.23,1.84
Antigua and Barbuda,ATG,0.87,0.92,0.9,0.88,0.89,0.86,0.75,1.13,1.15,1.29,1.33,1.31,1.28,1.27,1.26,0.64,0.69,0.69,0.24
Australia,AUS,1.88,1.85,1.92,1.81,1.95,2.03,1.95,1.96,2.01,2.04,2.05,2.03,2.04,1.99,1.79,1.85,1.88,1.82,1.8
Austria,AUT,1.73,1.85,1.81,1.97,2.02,2.05,1.92,1.91,2.01,1.84,1.7,1.59,1.43,1.39,1.55,1.47,1.52,1.55,1.53
Azerbaijan,AZE,-1.45,-1.3,-1.3,-1.18,-1.01,-1.16,-1.04,-1.09,-1.12,-1.15,-1.19,-1.24,-1.18,-1.13,-0.97,-1.02,-0.93,-0.84,-0.88
Burundi,BDI,-0.68,-0.78,-0.8,-0.82,-0.9,-0.89,-0.93,-1.1,-1.16,-1.09,-1.13,-1.17,-1.19,-1.45,-1.41,-1.26,-1.24,-1.23,-1.28
Belgium,BEL,1.36,1.36,1.5,1.5,1.42,1.38,1.39,1.31,1.36,1.37,1.46,1.53,1.58,1.61,1.67,1.57,1.57,1.64,1.5
Benin,BEN,-0.55,-0.54,-0.47,-0.73,-0.48,-0.46,-0.85,-0.59,-0.46,-0.5,-0.62,-0.66,-0.59,-0.86,-0.74,-0.67,-0.56,-0.52,-0.55
Burkina Faso,BFA,0.11,-0.1,-0.07,0.01,-0.01,-0.14,-0.13,-0.31,-0.33,-0.3,-0.34,-0.35,-0.37,-0.48,-0.52,-0.46,-0.28,-0.15,-0.11
Bangladesh,BGD,-0.97,-0.72,-1.11,-1.36,-1.44,-1.5,-1.39,-1.43,-1.06,-1.03,-1.07,-1.06,-1.09,-0.85,-0.89,-0.89,-0.81,-0.86,-0.83
Bulgaria,BGR,-0.36,-0.17,-0.13,-0.15,-0.03,0.11,0.06,-0.07,-0.18,-0.25,-0.21,-0.19,-0.22,-0.23,-0.27,-0.25,-0.26,-0.17,-0.16
Bahrain,BHR,0.33,0.27,0.38,0.82,0.4,0.45,0.39,0.19,0.18,0.19,0.19,0.18,0.22,0.37,0.43,0.28,0.14,-0.02,-0.14
"Bahamas, The",BHS,1.16,1.34,1.35,1.46,1.45,1.43,1.34,1.35,1.34,1.34,1.37,1.35,1.35,1.32,1.34,1.31,1.14,1.11,1.17
Bosnia and Herzegovina,BIH,-0.27,-0.38,-0.56,-0.4,-0.3,-0.34,-0.24,-0.3,-0.38,-0.36,-0.38,-0.34,-0.32,-0.3,-0.24,-0.31,-0.39,-0.46,-0.52
Belarus,BLR,-0.39,-0.43,-0.38,-0.7,-0.59,-0.8,-0.75,-0.62,-0.66,-0.63,-0.63,-0.69,-0.68,-0.52,-0.47,-0.3,-0.34,-0.26,-0.26
Belize,BLZ,-0.03,-0.09,-0.18,-0.24,-0.09,-0.29,-0.3,-0.36,-0.37,-0.34,-0.05,-0.11,-0.33,-0.14,-0.1,-0.2,-0.22,-0.24,-0.27
Bermuda,BMU,1.32,1.38,1.36,1.35,1.38,1.33,1.28,1.26,1.27,1.29,1.33,1.31,1.28,1.27,1.26,1.23,1.22,1.23,1.24
Bolivia,BOL,-0.82,-0.36,-0.46,-0.9,-0.82,-0.78,-0.74,-0.43,-0.4,-0.52,-0.63,-0.47,-0.57,-0.73,-0.59,-0.63,-0.7,-0.72,-0.66
Brazil,BRA,-0.02,0.08,0.04,0.08,0.09,0.02,-0.14,-0.11,-0.08,0.01,-0.07,0.05,0.17,-0.04,-0.08,-0.34,-0.4,-0.38,-0.53
Barbados,BRB,1.54,1.59,1.57,1.53,1.54,1.43,1.42,1.33,1.41,1.37,1.38,1.48,1.72,1.66,1.62,1.14,1.49,1.26,1.42
Brunei Darussalam,BRN,0.48,0.38,0.37,0.31,0.32,0.41,0.25,0.21,0.21,0.49,0.99,0.86,0.86,0.55,0.65,0.53,0.57,0.57,0.71
Bhutan,BTN,0.94,1,0.99,1.04,1.09,0.8,0.82,0.82,0.88,0.86,0.91,0.91,0.84,0.94,0.9,1.28,1.02,1.13,1.57
South Sudan,SSD,#N/A,#N/A,#N/A,#N/A,#N/A,#N/A,#N/A,#N/A,#N/A,#N/A,#N/A,-0.82,-1.4,-1.28,-1.38,-1.59,-1.69,-1.71,-1.71
Botswana,BWA,0.82,0.89,0.83,0.66,1.22,0.9,1.16,0.97,1,1.04,0.96,1.03,1,0.93,0.92,0.85,0.85,0.93,0.8
Central African Republic,CAF,-1.14,-1.01,-1.18,-1.09,-1.16,-1.39,-1.28,-1.21,-1.19,-1.12,-0.98,-0.93,-0.95,-0.99,-1.09,-1.16,-1.31,-1.28,-1.17
Canada,CAN,2.03,2.09,2.12,2.03,1.99,1.83,1.88,1.96,2,2,2.06,2.07,1.98,1.93,1.89,1.84,1.89,1.99,1.92
Switzerland,CHE,1.99,2.11,2.11,2.11,2.07,2.01,2.02,2.09,2.15,2.12,2.07,2.07,2.04,2.15,2.13,2.15,2.14,1.99,1.99
Chile,CHL,1.45,1.38,1.59,1.59,1.31,1.37,1.47,1.46,1.4,1.38,1.38,1.5,1.53,1.58,1.54,1.49,1.28,1.14,1.04
China,CHN,-0.27,-0.27,-0.22,-0.52,-0.36,-0.56,-0.61,-0.51,-0.59,-0.52,-0.51,-0.56,-0.51,-0.44,-0.36,-0.34,-0.28,-0.25,-0.27
Côte d'Ivoire,CIV,-0.26,-0.47,-0.68,-0.77,-0.98,-1.21,-1.24,-1.2,-1.09,-1.11,-1.1,-1.16,-1.01,-0.83,-0.74,-0.42,-0.43,-0.53,-0.52
Cameroon,CMR,-1.33,-1.22,-1.19,-1.17,-0.98,-1.11,-1.18,-1.09,-1.02,-1.02,-1,-1.06,-1.15,-1.26,-1.21,-1.16,-1.07,-1.15,-1.18
"Congo, Rep.",COG,-0.86,-1.27,-1.12,-0.99,-1.01,-0.93,-1.04,-1.1,-1.15,-1.18,-1.2,-1.15,-1.12,-1.21,-1.15,-1.18,-1.2,-1.19,-1.33
Cook Islands,COK,#N/A,#N/A,0.23,0.18,0.09,0.11,0.57,0.6,1.05,#N/A,-0.58,-0.25,-0.23,-0.22,-0.22,#N/A,#N/A,#N/A,#N/A
Colombia,COL,-0.51,-0.5,-0.4,-0.24,-0.18,-0.13,-0.13,-0.12,-0.22,-0.24,-0.31,-0.39,-0.29,-0.39,-0.41,-0.37,-0.3,-0.32,-0.37
Comoros,COM,-1,-1.23,-1.11,-0.9,-0.86,-0.9,-0.88,-0.7,-0.71,-0.79,-0.83,-0.81,-0.79,-0.78,-0.74,-0.61,-0.72,-0.67,-0.68
Cape Verde,CPV,1.14,0.56,0.63,0.57,0.59,0.46,0.56,0.81,0.89,0.87,0.87,0.86,0.9,0.87,0.84,0.94,0.95,0.87,0.84
Costa Rica,CRI,0.7,0.9,0.87,0.67,0.75,0.42,0.48,0.44,0.52,0.55,0.75,0.71,0.65,0.62,0.63,0.76,0.75,0.74,0.47
Cuba,CUB,0.29,0.37,0.38,0.42,0.24,0.23,0.28,0.26,0.31,0.27,0.28,0.31,0.27,0.24,0.12,0.07,0.07,0.17,0.27
Cayman Islands,CYM,1.32,1.38,1.36,1.35,1.38,1.28,1.28,1.26,1.27,0.81,1.12,1.13,1.35,1.35,1.36,1.02,1.02,0.53,0.53
Cyprus,CYP,1.33,1.1,1.12,1.16,1.23,0.89,0.91,1.09,1.08,1.2,0.91,0.97,0.87,1.25,1.25,1.08,1.01,0.83,0.78
Czech Republic,CZE,0.68,0.57,0.21,0.38,0.51,0.44,0.49,0.36,0.3,0.36,0.39,0.33,0.34,0.27,0.23,0.37,0.43,0.54,0.57
Germany,DEU,1.91,2.05,1.86,1.94,1.93,1.86,1.89,1.8,1.74,1.76,1.76,1.78,1.74,1.83,1.81,1.84,1.84,1.84,1.84
Djibouti,DJI,-0.72,-0.78,-0.95,-0.74,-0.82,-0.58,-0.71,-0.66,-0.54,-0.33,-0.37,-0.4,-0.41,-0.46,-0.54,-0.6,-0.66,-0.65,-0.64
Dominica,DMA,0.87,0.53,0.3,0.52,0.53,0.61,0.66,0.62,0.62,0.68,0.73,0.71,0.71,0.66,0.67,0.62,0.62,0.62,0.65
Denmark,DNK,2.23,2.26,2.39,2.37,2.42,2.43,2.29,2.47,2.45,2.39,2.45,2.36,2.4,2.38,2.4,2.25,2.21,2.23,2.19
Dominican Republic,DOM,-0.42,-0.7,-0.72,-0.48,-0.7,-0.59,-0.69,-0.7,-0.75,-0.73,-0.78,-0.84,-0.81,-0.86,-0.87,-0.82,-0.82,-0.76,-0.74
Algeria,DZA,-0.57,-0.88,-0.94,-0.88,-0.69,-0.68,-0.48,-0.52,-0.56,-0.59,-0.58,-0.52,-0.54,-0.5,-0.47,-0.6,-0.66,-0.69,-0.61
Ecuador,ECU,-0.68,-0.85,-0.89,-0.89,-0.76,-0.7,-0.71,-0.75,-0.77,-0.69,-0.8,-0.77,-0.71,-0.58,-0.57,-0.75,-0.67,-0.68,-0.6
"Egypt, Arab Rep.",EGY,-0.47,-0.46,-0.55,-0.41,-0.55,-0.65,-0.62,-0.75,-0.76,-0.78,-0.52,-0.63,-0.7,-0.6,-0.63,-0.62,-0.64,-0.65,-0.54
Eritrea,ERI,0.51,0.81,0.69,-0.03,-0.13,-0.22,-0.36,-0.35,-0.44,-0.39,-0.49,-0.56,-0.63,-0.78,-0.9,-0.89,-1.3,-1.31,-1.2
Spain,ESP,1.13,1.4,1.37,1.36,1.39,1.36,1.34,1.19,1.09,1.19,1.06,1.08,1.1,1.13,0.9,0.63,0.58,0.52,0.49
Estonia,EST,0.45,0.65,0.84,0.74,0.91,0.98,1.03,1.02,1,0.99,1.01,1,1.05,1.1,1.19,1.3,1.29,1.27,1.24
Ethiopia,ETH,-0.93,-0.57,-0.45,-0.58,-0.66,-0.73,-0.77,-0.65,-0.63,-0.66,-0.7,-0.69,-0.66,-0.6,-0.49,-0.44,-0.45,-0.42,-0.56
Finland,FIN,2.21,2.26,2.44,2.43,2.44,2.44,2.33,2.46,2.4,2.34,2.25,2.16,2.2,2.24,2.2,2.17,2.28,2.24,2.22
Fiji,FJI,0.66,0.5,0.31,0.3,0.06,0.16,-0.3,0.01,-0.05,-0.05,-0.34,-0.46,-0.13,-0.11,-0.12,0.18,0.17,0.13,0.36
France,FRA,1.25,1.39,1.37,1.23,1.35,1.33,1.37,1.46,1.46,1.41,1.44,1.47,1.53,1.46,1.33,1.31,1.31,1.4,1.26
"Micronesia, Fed. Sts.",FSM,#N/A,-0.2,-0.22,-0.32,-0.34,-0.04,-0.24,-0.25,-0.34,-0.31,-0.13,-0.15,-0.34,-0.15,-0.2,0.77,0.68,0.65,0.75
Gabon,GAB,-1.1,-0.96,-0.71,-0.59,-0.63,-0.85,-0.67,-0.97,-1.06,-1.08,-1,-0.87,-0.89,-0.7,-0.66,-0.69,-0.71,-0.75,-0.81
United Kingdom,GBR,1.98,2.11,2.14,2.06,2.04,1.93,1.9,1.79,1.74,1.68,1.63,1.6,1.62,1.67,1.7,1.74,1.88,1.9,1.84
Georgia,GEO,-1.53,-0.96,-1.01,-1.23,-0.7,-0.47,-0.22,0.04,-0.13,-0.11,-0.12,0.01,0.12,0.4,0.47,0.79,0.68,0.69,0.74
Ghana,GHA,-0.34,-0.26,-0.1,-0.33,-0.25,-0.25,-0.37,-0.02,0.04,-0.07,-0.01,0.01,-0.03,-0.13,-0.1,-0.19,-0.2,-0.16,-0.23
Guinea,GIN,-0.94,-0.98,-0.95,-0.72,-0.82,-0.92,-1.05,-1.12,-1.28,-1.2,-1.08,-1.2,-1.1,-1.04,-1.04,-1.06,-0.99,-0.92,-1.01
"Gambia, The",GMB,-0.37,-0.45,-0.39,-0.44,-0.29,-0.61,-0.71,-0.72,-0.73,-0.74,-0.57,-0.59,-0.51,-0.64,-0.7,-0.69,-0.77,-0.81,-0.66
Guinea-Bissau,GNB,-1.19,-1.21,-1.1,-1.01,-1.15,-1.22,-1.15,-1.09,-1.19,-1.18,-1.2,-1.16,-1.16,-1.28,-1.33,-1.54,-1.48,-1.55,-1.56
Equatorial Guinea,GNQ,-1.26,-1.31,-1.55,-1.43,-1.52,-1.66,-1.61,-1.59,-1.5,-1.47,-1.47,-1.47,-1.46,-1.52,-1.59,-1.77,-1.77,-1.81,-1.83
Greece,GRC,0.34,0.79,0.66,0.42,0.39,0.46,0.36,0.36,0.27,0.13,0.07,-0.06,-0.1,-0.19,-0.05,-0.12,-0.08,-0.09,-0.14
Grenada,GRD,0.87,0.7,0.53,0.7,0.7,0.61,0.66,0.63,0.38,0.32,0.36,0.43,0.42,0.42,0.42,0.25,0.56,0.56,0.48
Greenland,GRL,#N/A,#N/A,#N/A,#N/A,#N/A,#N/A,#N/A,#N/A,#N/A,#N/A,1.19,1.22,1.23,1.22,1.24,1.21,1.19,1.17,1.18
Guatemala,GTM,-0.86,-0.86,-0.75,-0.65,-0.77,-0.61,-0.67,-0.81,-0.74,-0.65,-0.53,-0.53,-0.53,-0.66,-0.62,-0.74,-0.73,-0.74,-0.74
French Guiana,GUF,0.87,0.92,0.9,0.88,0.89,0.81,0.8,0.78,0.79,0.81,1.12,1.13,1.11,1.1,1.13,1.02,1.02,0.97,1
Guam,GUM,#N/A,#N/A,#N/A,#N/A,#N/A,0.38,0.8,0.78,0.79,0.81,0.84,0.82,0.8,0.79,0.79,1.23,1.22,1.23,1.24
Guyana,GUY,-0.14,-0.33,-0.4,-0.43,-0.4,-0.45,-0.56,-0.58,-0.59,-0.56,-0.54,-0.56,-0.61,-0.75,-0.65,-0.74,-0.64,-0.32,-0.51
"Hong Kong SAR, China",HKG,1.44,1.35,1.34,1.71,1.85,1.87,1.78,1.87,1.92,1.9,1.89,1.96,1.85,1.74,1.64,1.62,1.65,1.56,1.61
Honduras,HND,-1.08,-0.94,-0.95,-0.97,-0.92,-0.89,-0.81,-0.83,-0.79,-0.9,-0.9,-0.89,-0.83,-0.95,-0.95,-0.79,-0.57,-0.66,-0.72
Croatia,HRV,-0.58,-0.56,-0.07,0.22,0.29,0.26,0.17,0.08,0.09,-0.01,-0.05,0.06,0.06,0.01,0.12,0.22,0.25,0.2,0.19
Haiti,HTI,-1.17,-1.2,-1.24,-1.69,-1.72,-1.47,-1.37,-1.31,-1.28,-1.21,-1.09,-1.19,-1.22,-1.24,-1.13,-1.23,-1.24,-1.33,-1.24
Hungary,HUN,0.67,0.77,0.79,0.58,0.68,0.69,0.65,0.66,0.62,0.47,0.43,0.37,0.4,0.36,0.32,0.16,0.15,0.1,0.09
Indonesia,IDN,-0.86,-1.18,-0.92,-1.14,-0.97,-0.93,-0.88,-0.84,-0.62,-0.59,-0.84,-0.75,-0.7,-0.64,-0.61,-0.56,-0.46,-0.4,-0.25
India,IND,-0.38,-0.25,-0.35,-0.52,-0.42,-0.41,-0.36,-0.28,-0.4,-0.34,-0.45,-0.47,-0.54,-0.51,-0.52,-0.43,-0.35,-0.28,-0.24
Ireland,IRL,1.71,1.59,1.43,1.41,1.46,1.29,1.59,1.71,1.75,1.75,1.76,1.69,1.56,1.46,1.54,1.6,1.62,1.58,1.55
"Iran, Islamic Rep.",IRN,-0.48,-0.45,-0.4,-0.19,-0.27,-0.39,-0.48,-0.48,-0.55,-0.78,-0.84,-0.95,-0.87,-0.79,-0.69,-0.62,-0.6,-0.71,-0.81
Iraq,IRQ,-1.6,-1.43,-1.5,-1.41,-1.21,-1.48,-1.37,-1.45,-1.46,-1.46,-1.33,-1.26,-1.17,-1.22,-1.28,-1.33,-1.37,-1.39,-1.37
Iceland,ISL,1.73,1.97,2.27,2.25,2.29,2.19,2.31,2.18,2.21,2.34,2.04,1.94,1.94,1.89,1.91,1.83,1.94,1.95,1.84
Israel,ISR,1.35,1.19,1.05,1.23,1.12,0.93,0.83,1.01,0.85,0.9,0.81,0.76,0.8,0.91,0.91,0.87,0.94,1.19,0.83
Italy,ITA,0.41,0.52,0.73,0.55,0.51,0.38,0.41,0.48,0.34,0.27,0.2,0.13,0.18,0.07,0.05,-0.03,0.02,0.08,0.19
Jamaica,JAM,0.19,0.11,0.03,-0.46,-0.38,-0.35,-0.31,-0.26,-0.3,-0.3,-0.28,-0.23,-0.16,-0.26,-0.28,-0.3,-0.23,-0.16,-0.17
Jordan,JOR,-0.04,0.1,0.08,-0.05,0.31,0.26,0.26,0.26,0.26,0.36,0.16,0.04,0.1,0.07,0.07,0.14,0.26,0.27,0.26
Japan,JPN,1.19,1.1,1.27,0.97,1.21,1.22,1.22,1.33,1.24,1.34,1.38,1.56,1.56,1.63,1.66,1.69,1.57,1.52,1.52
Kazakhstan,KAZ,-1.13,-1.02,-1.12,-1.11,-1.03,-1.1,-1.01,-0.99,-0.99,-0.98,-0.93,-1,-0.99,-0.92,-0.93,-0.83,-0.85,-0.82,-0.82
Kenya,KEN,-1.16,-1.15,-1.06,-1,-0.88,-0.86,-1,-0.93,-0.97,-1.06,-1.06,-0.91,-0.95,-1.09,-1.03,-0.93,-1.01,-0.89,-0.96
Kyrgyz Republic,KGZ,-0.99,-0.84,-0.9,-0.99,-0.98,-1.1,-1.25,-1.32,-1.32,-1.22,-1.31,-1.17,-1.22,-1.15,-1.16,-1.13,-1.15,-1.08,-1.05
Cambodia,KHM,-1.02,-1.15,-0.96,-1.01,-0.99,-1.06,-1.21,-1.25,-1.15,-1.23,-1.17,-1.24,-1.24,-1.07,-1.05,-1.14,-1.12,-1.27,-1.29
Kiribati,KIR,#N/A,-0.58,-0.33,-0.09,0.16,0.32,0.2,0.05,0.1,-0.03,-0.16,-0.08,0.09,0.01,-0.04,0.25,0.22,0.25,0.39
St. Kitts and Nevis,KNA,#N/A,0.19,0.11,0.32,0.32,0.26,0.98,0.88,0.89,0.98,1.04,1.01,1.02,0.94,0.94,0.25,0.5,0.51,0.51
"Korea, Rep.",KOR,0.38,0.35,0.32,0.5,0.56,0.39,0.62,0.35,0.6,0.47,0.54,0.47,0.53,0.54,0.61,0.55,0.37,0.46,0.48
Kuwait,KWT,0.48,0.59,0.59,1.01,0.8,0.79,0.51,0.43,0.37,0.42,0.31,0.3,0.09,-0.19,-0.19,-0.24,-0.23,-0.27,-0.33
Lao PDR,LAO,-0.72,-0.6,-0.89,-1.15,-1.18,-1.24,-1.3,-1.31,-1.27,-1.2,-1.24,-1.19,-1.18,-1.02,-0.93,-0.85,-0.91,-0.95,-0.94
Lebanon,LBN,-0.66,-0.45,-0.54,-0.48,-0.67,-0.66,-0.53,-0.94,-0.89,-0.82,-0.83,-0.88,-0.9,-0.87,-0.92,-1.04,-0.88,-0.97,-1
Liberia,LBR,-1.5,-1.7,-1.49,-1.29,-1.26,-1.32,-1.2,-0.72,-0.46,-0.74,-0.59,-0.56,-0.67,-0.6,-0.71,-0.77,-0.65,-0.72,-0.69
Libya,LBY,-0.87,-0.91,-0.87,-0.95,-0.88,-0.91,-0.96,-1.08,-1.05,-0.95,-1.21,-1.29,-1.3,-1.36,-1.48,-1.56,-1.62,-1.63,-1.59
St. Lucia,LCA,#N/A,0.19,0.5,0.32,0.32,0.31,1.12,1.05,1.06,1.16,1.22,1.2,1.21,1.01,1.04,0.41,0.62,0.63,0.59
Liechtenstein,LIE,1.32,1.38,1.36,1.35,1.38,1.37,1.28,1.26,1.09,1.19,1.69,1.85,1.81,1.8,1.84,2.08,2.06,2.04,2.06
Sri Lanka,LKA,-0.06,-0.15,-0.18,-0.18,-0.23,-0.15,-0.34,-0.2,-0.15,-0.23,-0.4,-0.42,-0.39,-0.24,-0.21,-0.34,-0.34,-0.31,-0.45
Lesotho,LSO,0.09,0.04,0,-0.09,-0.17,-0.1,0.02,0,-0.07,0.05,0.16,0.17,0.15,0.12,0.28,0.19,0.07,-0.02,-0.03
Lithuania,LTU,0.42,0.32,0.36,0.2,0.38,0.43,0.33,0.16,0.13,0.14,0.23,0.38,0.33,0.39,0.43,0.56,0.62,0.71,0.55
Luxembourg,LUX,1.95,1.94,2.05,2.06,1.69,1.84,1.66,1.88,1.97,1.97,1.97,2.05,2.16,2.12,2.12,2.07,2.1,2.1,1.99
Latvia,LVA,-0.2,0.17,-0.07,0.02,0.28,0.18,0.38,0.37,0.35,0.25,0.23,0.23,0.29,0.25,0.33,0.42,0.47,0.43,0.54
Kosovo,KSV,#N/A,#N/A,0.39,0.38,-0.5,-0.29,-0.52,-0.51,-0.73,-0.63,-0.58,-0.62,-0.61,-0.65,-0.65,-0.49,-0.54,-0.41,-0.5
"Macao SAR, China",MAC,0.42,0.46,0.43,-0.06,0.89,1.42,0.52,0.35,0.45,0.44,0.16,0.42,0.44,0.43,0.55,0.85,0.61,0.85,0.64
Morocco,MAR,-0.11,0.11,-0.11,-0.19,-0.26,-0.14,-0.31,-0.41,-0.34,-0.38,-0.33,-0.2,-0.4,-0.44,-0.37,-0.27,-0.22,-0.13,-0.13
Monaco,MCO,#N/A,#N/A,#N/A,#N/A,#N/A,#N/A,#N/A,#N/A,#N/A,#N/A,#N/A,#N/A,#N/A,#N/A,#N/A,#N/A,#N/A,#N/A,#N/A
Moldova,MDA,-0.44,-0.42,-0.66,-0.95,-0.85,-0.98,-0.67,-0.64,-0.66,-0.63,-0.7,-0.67,-0.62,-0.61,-0.75,-0.85,-0.91,-0.95,-0.8
Madagascar,MDG,-0.37,-0.79,-0.45,-0.18,-0.2,-0.28,-0.07,-0.19,-0.19,-0.27,-0.34,-0.43,-0.48,-0.67,-0.75,-0.84,-0.85,-0.9,-1.05
Maldives,MDV,-0.32,-0.38,-0.38,-0.18,-0.05,-0.35,-0.44,-0.6,-0.86,-0.82,-0.67,-0.55,-0.55,-0.7,-0.75,-0.38,-0.48,-0.67,-0.79
Mexico,MEX,-0.51,-0.45,-0.25,-0.18,-0.17,-0.3,-0.27,-0.26,-0.27,-0.24,-0.3,-0.36,-0.4,-0.41,-0.51,-0.76,-0.77,-0.72,-0.93
Marshall Islands,MHL,#N/A,-0.58,-0.29,-0.48,-0.83,-0.57,-0.46,-0.55,-0.61,-0.57,-0.34,-0.33,-0.33,-0.26,-0.04,-0.11,-0.12,-0.05,0
"Macedonia, FYR",MKD,-0.61,-0.51,-0.6,-0.8,-0.64,-0.5,-0.45,-0.37,-0.36,-0.19,-0.13,-0.08,-0.09,-0.04,-0.05,-0.02,-0.26,-0.29,-0.31
Mali,MLI,-0.78,-0.85,-0.84,-0.68,-0.67,-0.59,-0.5,-0.48,-0.43,-0.53,-0.67,-0.68,-0.64,-0.83,-0.79,-0.75,-0.69,-0.66,-0.63
Malta,MLT,0.48,0.56,0.96,0.8,0.95,0.85,0.82,1.01,1.02,1,0.77,0.79,0.77,0.94,0.98,0.85,0.9,0.72,0.74
Myanmar,MMR,-1.5,-1.34,-1.39,-1.32,-1.48,-1.65,-1.54,-1.66,-1.63,-1.62,-1.66,-1.67,-1.59,-1.06,-1,-0.88,-0.84,-0.62,-0.56
Mongolia,MNG,0.11,0.06,-0.31,-0.01,-0.2,-0.4,-0.61,-0.58,-0.61,-0.66,-0.76,-0.74,-0.69,-0.54,-0.48,-0.47,-0.49,-0.49,-0.45
Montenegro,MNE,#N/A,0.52,-0.17,-0.15,-0.4,-0.46,-0.35,-0.4,-0.33,-0.21,-0.2,-0.23,-0.2,-0.11,-0.25,-0.06,-0.13,-0.1,-0.09
Mozambique,MOZ,-0.42,-0.43,-0.43,-0.51,-0.6,-0.6,-0.53,-0.62,-0.52,-0.49,-0.44,-0.45,-0.49,-0.57,-0.6,-0.67,-0.75,-0.88,-0.86
Mauritania,MRT,-0.56,-0.47,-0.45,-0.03,-0.03,-0.53,-0.56,-0.74,-0.58,-0.79,-0.61,-0.72,-0.63,-0.78,-0.83,-0.93,-0.92,-0.74,-0.75
Martinique,MTQ,0.87,0.92,0.9,0.88,0.89,0.9,0.8,0.78,0.79,0.81,0.84,0.82,0.8,0.79,0.79,1.23,1.22,1.23,1.24
Mauritius,MUS,0.03,0.34,0.38,0.46,0.3,0.25,0.32,0.35,0.44,0.52,0.54,0.56,0.54,0.3,0.29,0.35,0.3,0.21,0.2
Malawi,MWI,-0.32,-0.25,-0.27,-0.96,-0.73,-0.77,-0.71,-0.55,-0.51,-0.45,-0.4,-0.49,-0.42,-0.47,-0.61,-0.75,-0.76,-0.75,-0.65
Malaysia,MYS,0.38,0.45,0.34,0.27,0.34,0.34,0.2,0.23,0.19,-0.05,-0.06,0.09,0.03,0.24,0.35,0.41,0.24,0.1,0.03
Namibia,NAM,0.81,0.69,0.58,0.11,0.24,0.16,0.2,0.24,0.32,0.61,0.3,0.34,0.31,0.34,0.33,0.29,0.32,0.33,0.32
Niger,NER,-0.87,-0.98,-0.88,-0.99,-0.93,-0.82,-0.72,-0.85,-0.75,-0.72,-0.61,-0.66,-0.64,-0.64,-0.61,-0.69,-0.64,-0.63,-0.65
Nigeria,NGA,-1.19,-1.16,-1.22,-1.43,-1.36,-1.34,-1.16,-1.12,-1.05,-0.89,-1.03,-1.05,-1.17,-1.17,-1.22,-1.27,-1.08,-1.03,-1.07
Nicaragua,NIC,-0.56,-0.89,-1.01,-0.48,-0.48,-0.4,-0.61,-0.67,-0.77,-0.76,-0.72,-0.75,-0.73,-0.77,-0.74,-0.89,-0.89,-0.87,-0.87
Niue,NIU,#N/A,#N/A,#N/A,#N/A,#N/A,#N/A,#N/A,#N/A,#N/A,#N/A,-0.58,-0.46,-0.44,-0.44,-0.42,#N/A,#N/A,#N/A,#N/A
Netherlands,NLD,2.08,2.15,2.21,2.12,2.05,2,1.97,2.05,2.17,2.12,2.13,2.14,2.12,2.12,2.05,1.99,1.88,1.91,1.87
Norway,NOR,2.14,2.22,2.19,2.17,2.07,1.94,2.01,2.13,1.99,1.91,1.99,2.09,2.15,2.26,2.29,2.23,2.24,2.2,2.24
Nepal,NPL,-0.64,-0.74,-0.67,-0.36,-0.46,-0.87,-0.74,-0.69,-0.79,-0.81,-0.7,-0.69,-0.78,-0.81,-0.69,-0.59,-0.58,-0.8,-0.75
Nauru,NRU,#N/A,#N/A,#N/A,#N/A,#N/A,#N/A,#N/A,#N/A,-0.35,-0.32,-0.4,0.01,-0.04,-0.02,-0.64,-0.47,-0.52,-0.43,-0.47
New Zealand,NZL,2.11,2.21,2.25,2.32,2.35,2.38,2.2,2.33,2.33,2.31,2.39,2.34,2.3,2.32,2.34,2.25,2.28,2.28,2.24
Oman,OMN,0.41,0.76,0.8,0.93,0.59,0.67,0.39,0.35,0.35,0.52,0.33,0.32,0.14,0.18,0.16,0.31,0.27,0.34,0.25
Pakistan,PAK,-1.22,-1.05,-0.84,-0.91,-0.76,-1.08,-1.05,-0.81,-0.82,-0.9,-1.07,-1.09,-1.08,-1.06,-0.96,-0.83,-0.81,-0.88,-0.78
Panama,PAN,-0.2,-0.08,-0.32,-0.3,-0.35,-0.27,-0.35,-0.32,-0.3,-0.09,-0.3,-0.32,-0.32,-0.36,-0.35,-0.34,-0.37,-0.49,-0.54
Palau,PLW,#N/A,#N/A,#N/A,#N/A,#N/A,#N/A,#N/A,#N/A,#N/A,-0.32,-0.4,-0.5,-0.53,-0.43,-0.64,-0.47,-0.52,-0.43,-0.47
Peru,PER,-0.4,-0.37,-0.39,-0.27,-0.08,-0.32,-0.33,-0.2,-0.25,-0.19,-0.31,-0.23,-0.22,-0.37,-0.42,-0.56,-0.53,-0.37,-0.5
Philippines,PHL,-0.36,-0.29,-0.51,-0.5,-0.58,-0.65,-0.62,-0.83,-0.72,-0.76,-0.77,-0.76,-0.67,-0.56,-0.38,-0.44,-0.45,-0.49,-0.48
Papua New Guinea,PNG,-0.43,-0.76,-0.83,-0.91,-0.88,-0.96,-1.13,-1.14,-1.11,-1.15,-1.23,-1.04,-1.02,-0.94,-0.96,-0.91,-0.94,-0.93,-0.9
Poland,POL,0.71,0.82,0.71,0.4,0.42,0.14,0.27,0.27,0.3,0.46,0.45,0.5,0.56,0.66,0.6,0.64,0.67,0.74,0.73
Puerto Rico,PRI,0.42,0.46,0.9,1.35,1.38,1.28,1.28,0.51,0.41,0.42,0.49,0.48,0.44,0.54,0.47,0.46,0.09,0.04,0.14
"Korea, Dem. Rep.",PRK,-1.28,-1.25,-1.33,-1.03,-1.44,-1.38,-1.28,-1.44,-1.54,-1.52,-1.29,-1.28,-1.31,-1.28,-1.28,-1.3,-1.25,-1.44,-1.48
Portugal,PRT,1.37,1.29,1.19,1.26,1.16,1.14,1.07,1.02,1.04,1.07,1.09,1.09,1.11,0.96,0.95,0.95,0.96,0.93,0.87
Paraguay,PRY,-1.17,-1.34,-1.38,-1.34,-1.39,-1.37,-1.32,-1.14,-1.18,-0.98,-0.8,-0.73,-0.72,-0.86,-1.04,-0.97,-0.95,-0.71,-0.72
Qatar,QAT,-0.05,0.5,0.53,0.68,0.54,0.52,0.71,0.93,0.68,0.94,1.57,1.41,1.01,1.06,1.11,0.99,0.89,0.9,0.73
Réunion,REU,#N/A,#N/A,#N/A,#N/A,#N/A,1,0.8,0.78,0.79,0.81,0.84,0.82,0.8,0.79,0.79,0.64,0.63,0.64,0.64
Romania,ROM,-0.45,-0.62,-0.49,-0.44,-0.37,-0.3,-0.24,-0.16,-0.18,-0.14,-0.26,-0.23,-0.21,-0.26,-0.19,-0.11,-0.02,-0.02,-0.03
Russian Federation,RUS,-1.05,-0.98,-1,-0.93,-0.76,-0.8,-0.82,-0.91,-1.01,-1.11,-1.13,-1.09,-1.07,-1.04,-1.01,-0.92,-0.95,-0.82,-0.89
Rwanda,RWA,-0.75,-0.72,-0.6,-0.42,-0.47,-0.44,-0.62,-0.21,0,0.1,0.09,0.35,0.36,0.56,0.63,0.76,0.64,0.64,0.63
Samoa,WSM,-0.03,-0.09,0.09,0.07,0.08,0.13,0.18,0.24,0.25,0.21,0.12,0.12,0.1,0.11,0.15,0.3,0.29,0.28,0.66
Saudi Arabia,SAU,-0.16,-0.25,-0.19,0.2,-0.15,-0.29,-0.1,-0.19,-0.17,-0.01,-0.02,0.04,-0.31,-0.04,-0.02,0.09,0.05,0.23,0.36
Sudan,SDN,-1.24,-1.07,-0.87,-1.02,-1.24,-1.28,-1.37,-1.18,-1.32,-1.42,-1.15,-1.19,-1.18,-1.49,-1.47,-1.45,-1.49,-1.54,-1.54
Senegal,SEN,-0.14,-0.15,-0.08,0.18,-0.16,-0.05,-0.05,-0.37,-0.51,-0.5,-0.49,-0.64,-0.5,-0.26,-0.19,0.06,0.06,0,-0.09
Singapore,SGP,2.11,2.11,2.21,2.32,2.23,2.33,2.17,2.19,2.24,2.25,2.22,2.18,2.11,2.12,2.08,2.07,2.09,2.09,2.13
Solomon Islands,SLB,0.34,0.03,-0.36,-0.71,-0.63,-0.37,0.04,-0.22,-0.39,-0.37,-0.29,-0.35,-0.34,-0.36,-0.4,-0.28,-0.34,-0.34,0.11
Sierra Leone,SLE,-0.76,-0.81,-0.89,-0.83,-0.91,-0.91,-1.07,-1.02,-0.91,-0.97,-0.93,-0.77,-0.84,-0.95,-0.91,-0.94,-0.79,-0.81,-0.59
El Salvador,SLV,-0.87,-0.77,-0.52,-0.68,-0.37,-0.42,-0.45,-0.3,-0.37,-0.36,-0.25,-0.28,-0.26,-0.41,-0.35,-0.38,-0.42,-0.52,-0.51
San Marino,SMR,#N/A,#N/A,#N/A,#N/A,#N/A,#N/A,#N/A,#N/A,#N/A,#N/A,#N/A,#N/A,#N/A,#N/A,#N/A,#N/A,#N/A,#N/A,#N/A
Somalia,SOM,-1.27,-1.4,-1.57,-1.04,-1.57,-1.79,-1.68,-1.73,-1.76,-1.87,-1.72,-1.74,-1.71,-1.59,-1.58,-1.66,-1.62,-1.7,-1.72
São Tomé and Principe,STP,0.4,0.01,0.2,-0.07,-0.26,-0.36,-0.54,-0.29,-0.3,-0.3,-0.2,-0.25,-0.18,-0.18,-0.18,0,-0.05,-0.07,0.14
Suriname,SUR,0.19,0.28,0.48,0.28,0.33,0.28,0.22,-0.1,-0.01,-0.02,-0.26,-0.33,-0.28,-0.33,-0.28,-0.44,-0.24,-0.3,-0.17
Slovak Republic,SVK,0.22,0.09,0.23,-0.01,0.31,0.39,0.49,0.42,0.35,0.36,0.27,0.29,0.28,0.1,0.08,0.16,0.18,0.23,0.22
Slovenia,SVN,1.11,1.21,0.88,0.81,0.93,1.03,0.91,1.03,1.01,0.98,1.06,0.92,0.95,0.84,0.73,0.73,0.77,0.82,0.81
Sweden,SWE,2.17,2.23,2.3,2.26,2.21,2.16,2.02,2.2,2.24,2.23,2.25,2.27,2.2,2.31,2.29,2.15,2.24,2.19,2.14
Swaziland,SWZ,0.04,0.07,-0.19,-0.26,-0.43,-0.53,-0.47,-0.22,-0.24,-0.22,-0.23,-0.23,-0.35,-0.41,-0.41,-0.43,-0.39,-0.45,-0.3
Seychelles,SYC,0.55,0.33,0.45,0.34,0.41,0.27,0.23,0.12,0.19,0.39,0.43,0.45,0.42,0.42,0.44,0.44,0.88,0.78,0.68
Syrian Arab Republic,SYR,-0.88,-0.91,-1.03,-0.39,-0.8,-0.82,-0.85,-1.06,-1.1,-1.15,-1.13,-1.13,-1.09,-1.21,-1.26,-1.55,-1.55,-1.57,-1.56
Chad,TCD,-1.38,-1.26,-1.11,-1.15,-1.37,-1.38,-1.51,-1.35,-1.38,-1.52,-1.4,-1.38,-1.33,-1.31,-1.35,-1.32,-1.36,-1.49,-1.43
Togo,TGO,-0.84,-0.8,-0.76,-0.81,-0.92,-0.96,-0.87,-1.04,-0.99,-0.97,-1.02,-0.96,-1.01,-1,-1.03,-0.89,-0.73,-0.68,-0.71
Thailand,THA,-0.36,-0.07,-0.19,-0.31,-0.17,-0.23,-0.19,-0.38,-0.37,-0.41,-0.31,-0.33,-0.32,-0.37,-0.34,-0.45,-0.49,-0.39,-0.39
Tajikistan,TJK,-1.27,-1.27,-1.28,-1.17,-1.14,-1.29,-1.17,-1.03,-1.04,-1.18,-1.21,-1.29,-1.22,-1.28,-1.28,-1.13,-1.13,-1.15,-1.33
Turkmenistan,TKM,-1.02,-1.1,-1.13,-1.27,-1.22,-1.47,-1.46,-1.52,-1.52,-1.5,-1.53,-1.53,-1.54,-1.43,-1.41,-1.31,-1.35,-1.52,-1.48
Timor-Leste,TMP,#N/A,#N/A,#N/A,-0.21,-0.22,-0.3,-0.56,-0.6,-0.65,-0.65,-0.8,-0.76,-0.81,-0.74,-0.68,-0.53,-0.52,-0.51,-0.54
Tonga,TON,#N/A,-0.2,-0.4,-0.54,-0.5,-0.43,-1.33,-1.34,-1.04,-0.66,-0.68,-0.33,-0.33,-0.32,-0.28,-0.31,-0.47,-0.45,-0.16
Trinidad and Tobago,TTO,0.9,0.59,0.24,-0.02,0.06,-0.03,0.02,-0.11,-0.04,-0.06,-0.04,-0.17,-0.11,-0.16,-0.22,-0.41,-0.3,-0.24,-0.36
Tunisia,TUN,-0.53,-0.24,-0.23,0.37,0.16,0.08,-0.26,-0.19,-0.25,-0.3,-0.22,-0.26,-0.06,-0.06,-0.07,-0.04,-0.07,-0.14,-0.11
Turkey,TUR,-0.15,-0.3,-0.2,-0.52,-0.18,-0.18,-0.03,0.03,0.11,0.11,0.09,0.03,0.04,0.16,0.09,-0.15,-0.15,-0.19,-0.19
Tuvalu,TUV,#N/A,#N/A,0.47,0.59,-0.47,0.64,-0.11,-0.1,-0.24,-0.21,-0.22,-0.26,-0.53,-0.35,-0.4,-0.01,-0.03,0.03,0.06
"Taiwan, China",TWN,0.58,0.61,0.73,0.64,0.85,0.83,0.75,0.53,0.53,0.52,0.62,0.74,0.87,0.72,0.68,0.81,0.77,0.88,0.96
Tanzania,TZA,-0.7,-0.79,-0.81,-0.8,-0.68,-0.56,-0.6,-0.23,-0.34,-0.42,-0.45,-0.54,-0.59,-0.76,-0.77,-0.75,-0.68,-0.5,-0.48
Uganda,UGA,-0.72,-0.89,-0.87,-0.91,-0.81,-0.78,-0.82,-0.79,-0.82,-0.83,-0.9,-0.92,-0.92,-0.99,-1.04,-1.09,-1.05,-1.06,-1.04
Ukraine,UKR,-1.11,-1.27,-1.15,-1.05,-0.93,-0.93,-0.72,-0.75,-0.8,-0.84,-1.04,-1.03,-1.05,-1.08,-1.13,-0.99,-0.98,-0.81,-0.78
Uruguay,URY,1.12,1.08,0.93,0.91,1.05,0.9,1.07,1.11,1.24,1.31,1.24,1.28,1.28,1.36,1.38,1.38,1.32,1.27,1.29
United States,USA,1.57,1.6,1.66,1.92,1.76,1.83,1.55,1.35,1.39,1.45,1.29,1.27,1.27,1.41,1.31,1.38,1.4,1.37,1.38
Uzbekistan,UZB,-1.13,-1.16,-1.05,-1.03,-1.09,-1.13,-1.23,-1,-1.03,-1.06,-1.27,-1.3,-1.37,-1.3,-1.26,-1.19,-1.26,-1.17,-1.16
St. Vincent and the Grenadines,VCT,#N/A,0.19,0.11,0.32,0.32,0.31,0.98,0.88,0.89,0.98,1.04,1.01,1.02,0.94,0.94,0.62,0.67,0.68,0.72
"Venezuela, RB",VEN,-0.86,-0.92,-0.67,-1.06,-1.06,-0.98,-1.03,-1.04,-1.11,-1.17,-1.19,-1.23,-1.17,-1.27,-1.31,-1.4,-1.39,-1.35,-1.36
Virgin Islands (U.S.),VIR,#N/A,#N/A,#N/A,#N/A,#N/A,0.67,0.8,0.78,0.79,0.81,0.84,0.82,0.8,0.79,0.79,0.64,0.63,0.64,0.64
Vietnam,VNM,-0.49,-0.47,-0.57,-0.57,-0.5,-0.73,-0.72,-0.75,-0.63,-0.71,-0.54,-0.62,-0.61,-0.53,-0.48,-0.44,-0.43,-0.45,-0.58
Vanuatu,VUT,0.22,0.1,-0.28,-0.29,-0.22,-0.32,0.24,0.17,0.23,0.29,0.3,0.29,0.3,0.34,0.29,0.46,-0.12,-0.1,0.01
West Bank and Gaza,WBG,0.04,0.04,-0.08,-0.32,-0.37,-0.01,-0.49,-0.3,-0.11,-0.44,-0.1,-0.11,-0.45,-0.25,-0.25,-0.28,-0.45,-0.15,-0.03
"Jersey, Channel Islands",JEY,#N/A,#N/A,#N/A,#N/A,#N/A,#N/A,#N/A,#N/A,#N/A,#N/A,#N/A,#N/A,1.23,1.22,1.24,1.21,1.19,1.14,1.17
"Yemen, Rep.",YEM,-0.74,-0.98,-1.05,-0.98,-0.94,-1.08,-0.89,-0.79,-0.79,-0.79,-1.07,-1.19,-1.23,-1.25,-1.25,-1.56,-1.47,-1.66,-1.59
Serbia,SRB,-1.14,-1.2,-1.18,-0.87,-0.49,-0.5,-0.41,-0.29,-0.35,-0.31,-0.31,-0.29,-0.27,-0.33,-0.3,-0.23,-0.27,-0.32,-0.37
South Africa,ZAF,0.73,0.67,0.63,0.35,0.35,0.46,0.57,0.45,0.25,0.21,0.18,0.13,0.06,-0.12,-0.07,-0.06,0.03,0.12,-0.01
"Congo, Dem. Rep.",ZAR,-1.65,-1.72,-1.55,-1.29,-1.4,-1.45,-1.42,-1.53,-1.36,-1.24,-1.39,-1.44,-1.43,-1.31,-1.32,-1.3,-1.29,-1.34,-1.42
Zambia,ZMB,-0.84,-0.77,-0.72,-0.73,-0.6,-0.59,-0.59,-0.55,-0.41,-0.39,-0.46,-0.51,-0.4,-0.28,-0.31,-0.34,-0.34,-0.4,-0.54
Zimbabwe,ZWE,-0.28,-0.48,-0.98,-1.23,-1.25,-1.33,-1.31,-1.36,-1.4,-1.36,-1.36,-1.37,-1.4,-1.37,-1.4,-1.39,-1.3,-1.25,-1.27
